	Chr	Start	Ref	Alt	Gene.refGeneWithVer	ExonicFunc.refGeneWithVer	route	probability	call	n_tools	top_focal_pop	min_p_adjusted
55517	chr2	29197657	A	G	ALK	nonsynonymous SNV	model	0.9981109851351871	1.0	7.0	Non Jew European	0.0037480875758791
10082	chr1	241517227	T	A	FH	nonsynonymous SNV	model	0.9976856623819536	1.0	8.0	Non Jew European	0.1084901946296547
76182	chr4	54736798	C	T	KIT	nonsynonymous SNV	model	0.9973111095238628	1.0	8.0	Non Jew European	0.0940811538691802
65627	chr22	20995968	T	C	LZTR1	nonsynonymous SNV	model	0.9968232533152782	1.0	8.0	Mexican	0.0151648679844558
65498	chr22	20991692	G	A	LZTR1	nonsynonymous SNV	model	0.9965278538570348	1.0	8.0	Mexican	0.0233840227630614
55522	chr2	29209808	C	T	ALK	nonsynonymous SNV	model	0.9963903183370004	1.0	7.0	Dominican	0.0003457528763087
40868	chr17	7674241	G	A	TP53	nonsynonymous SNV	model	0.9959330635257426	1.0	8.0	Non Jew European	0.3932636281920759
74708	chr3	189808476	T	G	TP63	nonsynonymous SNV	model	0.995692516037012	1.0	8.0	Mexican	0.263396921459575
78196	chr4	186598035	C	T	FAT1	nonsynonymous SNV	model	0.995585516892229	1.0	7.0	Ashkenazi Jewish	4.472368373555616e-06
44314	chr17	42323138	A	G	STAT3	nonsynonymous SNV	model	0.9955200401762124	1.0	8.0	Non Jew European	0.0210235854584574
40869	chr17	7674250	C	T	TP53	nonsynonymous SNV	model	0.9954807241582726	1.0	8.0	Non Jew European	0.0549263583183714
31414	chr14	95103455	C	T	DICER1	nonsynonymous SNV	model	0.995374785041384	1.0	8.0	Puerto Rican	3.583514037119048e-05
